{
    "Time_Numeric": {
        "mean": 6.034189263611538e-16,
        "std": 0.9999999999999998
    },
    "Altitude": {
        "mean": 1.7797468333685716e-16,
        "std": 1.0000000000000004
    }
}